-- phpMyAdmin SQL Dump
-- version 5.2.1
-- https://www.phpmyadmin.net/
--
-- Host: 127.0.0.1
-- Waktu pembuatan: 02 Jan 2026 pada 21.51
-- Versi server: 10.4.32-MariaDB
-- Versi PHP: 8.0.30

SET SQL_MODE = "NO_AUTO_VALUE_ON_ZERO";
START TRANSACTION;
SET time_zone = "+00:00";


/*!40101 SET @OLD_CHARACTER_SET_CLIENT=@@CHARACTER_SET_CLIENT */;
/*!40101 SET @OLD_CHARACTER_SET_RESULTS=@@CHARACTER_SET_RESULTS */;
/*!40101 SET @OLD_COLLATION_CONNECTION=@@COLLATION_CONNECTION */;
/*!40101 SET NAMES utf8mb4 */;

--
-- Database: `uas_toko_pakaian`
--

-- --------------------------------------------------------

--
-- Struktur dari tabel `failed_jobs`
--

CREATE TABLE `failed_jobs` (
  `id` bigint(20) UNSIGNED NOT NULL,
  `uuid` varchar(255) NOT NULL,
  `connection` text NOT NULL,
  `queue` text NOT NULL,
  `payload` longtext NOT NULL,
  `exception` longtext NOT NULL,
  `failed_at` timestamp NOT NULL DEFAULT current_timestamp()
) ENGINE=InnoDB DEFAULT CHARSET=utf8mb4 COLLATE=utf8mb4_unicode_ci;

-- --------------------------------------------------------

--
-- Struktur dari tabel `migrations`
--

CREATE TABLE `migrations` (
  `id` int(10) UNSIGNED NOT NULL,
  `migration` varchar(255) NOT NULL,
  `batch` int(11) NOT NULL
) ENGINE=InnoDB DEFAULT CHARSET=utf8mb4 COLLATE=utf8mb4_unicode_ci;

--
-- Dumping data untuk tabel `migrations`
--

INSERT INTO `migrations` (`id`, `migration`, `batch`) VALUES
(1, '2014_10_12_000000_create_users_table', 1),
(2, '2014_10_12_100000_create_password_resets_table', 1),
(3, '2019_08_19_000000_create_failed_jobs_table', 1),
(4, '2019_12_14_000001_create_personal_access_tokens_table', 1),
(5, '2026_01_02_170954_create_products_table', 1),
(6, '2026_01_02_171101_create_transactions_table', 1);

-- --------------------------------------------------------

--
-- Struktur dari tabel `password_resets`
--

CREATE TABLE `password_resets` (
  `email` varchar(255) NOT NULL,
  `token` varchar(255) NOT NULL,
  `created_at` timestamp NULL DEFAULT NULL
) ENGINE=InnoDB DEFAULT CHARSET=utf8mb4 COLLATE=utf8mb4_unicode_ci;

-- --------------------------------------------------------

--
-- Struktur dari tabel `personal_access_tokens`
--

CREATE TABLE `personal_access_tokens` (
  `id` bigint(20) UNSIGNED NOT NULL,
  `tokenable_type` varchar(255) NOT NULL,
  `tokenable_id` bigint(20) UNSIGNED NOT NULL,
  `name` varchar(255) NOT NULL,
  `token` varchar(64) NOT NULL,
  `abilities` text DEFAULT NULL,
  `last_used_at` timestamp NULL DEFAULT NULL,
  `expires_at` timestamp NULL DEFAULT NULL,
  `created_at` timestamp NULL DEFAULT NULL,
  `updated_at` timestamp NULL DEFAULT NULL
) ENGINE=InnoDB DEFAULT CHARSET=utf8mb4 COLLATE=utf8mb4_unicode_ci;

-- --------------------------------------------------------

--
-- Struktur dari tabel `products`
--

CREATE TABLE `products` (
  `id` bigint(20) UNSIGNED NOT NULL,
  `name` varchar(255) NOT NULL,
  `price` int(11) NOT NULL,
  `stock` int(11) NOT NULL,
  `created_at` timestamp NULL DEFAULT NULL,
  `updated_at` timestamp NULL DEFAULT NULL
) ENGINE=InnoDB DEFAULT CHARSET=utf8mb4 COLLATE=utf8mb4_unicode_ci;

--
-- Dumping data untuk tabel `products`
--

INSERT INTO `products` (`id`, `name`, `price`, `stock`, `created_at`, `updated_at`) VALUES
(1, 'Kemeja Flannel Kotak', 20000, 10, '2026-01-02 10:33:06', '2026-01-02 13:28:25'),
(2, 'Celana Jeans Slimfit', 25000, 29, '2026-01-02 10:33:06', '2026-01-02 13:28:33'),
(3, 'Jaket Denim', 35000, 1, '2026-01-02 10:33:06', '2026-01-02 13:36:32'),
(4, 'Kaos Polos Hitam', 75000, 95, '2026-01-02 10:33:06', '2026-01-02 13:36:32'),
(5, 'Rok Plisket Wanita', 125000, 25, '2026-01-02 10:33:06', '2026-01-02 10:33:06'),
(7, 'Jaket Kulit', 25000, 10, '2026-01-02 13:22:55', '2026-01-02 13:28:40');

-- --------------------------------------------------------

--
-- Struktur dari tabel `transactions`
--

CREATE TABLE `transactions` (
  `id` bigint(20) UNSIGNED NOT NULL,
  `user_id` bigint(20) UNSIGNED NOT NULL,
  `product_id` bigint(20) UNSIGNED NOT NULL,
  `quantity` int(11) NOT NULL,
  `total_price` int(11) NOT NULL,
  `created_at` timestamp NULL DEFAULT NULL,
  `updated_at` timestamp NULL DEFAULT NULL
) ENGINE=InnoDB DEFAULT CHARSET=utf8mb4 COLLATE=utf8mb4_unicode_ci;

--
-- Dumping data untuk tabel `transactions`
--

INSERT INTO `transactions` (`id`, `user_id`, `product_id`, `quantity`, `total_price`, `created_at`, `updated_at`) VALUES
(1, 2, 3, 1, 315000, '2026-01-02 11:23:20', '2026-01-02 11:23:20'),
(2, 2, 1, 1, 150000, '2026-01-02 11:42:26', '2026-01-02 11:42:26'),
(3, 2, 2, 1, 225000, '2026-01-02 11:52:38', '2026-01-02 11:52:38'),
(4, 2, 4, 4, 270000, '2026-01-02 12:01:59', '2026-01-02 12:01:59'),
(5, 2, 1, 1, 150000, '2026-01-02 12:04:11', '2026-01-02 12:04:11'),
(6, 2, 3, 18, 5670000, '2026-01-02 12:08:38', '2026-01-02 12:08:38'),
(7, 1, 4, 1, 67500, '2026-01-02 13:36:32', '2026-01-02 13:36:32'),
(8, 1, 3, 1, 31500, '2026-01-02 13:36:32', '2026-01-02 13:36:32');

-- --------------------------------------------------------

--
-- Struktur dari tabel `users`
--

CREATE TABLE `users` (
  `id` bigint(20) UNSIGNED NOT NULL,
  `name` varchar(255) NOT NULL,
  `email` varchar(255) NOT NULL,
  `role` enum('admin','kasir') NOT NULL DEFAULT 'kasir',
  `email_verified_at` timestamp NULL DEFAULT NULL,
  `password` varchar(255) NOT NULL,
  `remember_token` varchar(100) DEFAULT NULL,
  `created_at` timestamp NULL DEFAULT NULL,
  `updated_at` timestamp NULL DEFAULT NULL
) ENGINE=InnoDB DEFAULT CHARSET=utf8mb4 COLLATE=utf8mb4_unicode_ci;

--
-- Dumping data untuk tabel `users`
--

INSERT INTO `users` (`id`, `name`, `email`, `role`, `email_verified_at`, `password`, `remember_token`, `created_at`, `updated_at`) VALUES
(1, 'Admin Toko', 'admin@toko.com', 'admin', NULL, '$2y$10$JgmivATck3Z29DUZIv8/pOrK8mVFnmH/BNrpIDOICwvLt.tt19G1m', NULL, '2026-01-02 10:33:06', '2026-01-02 10:33:06'),
(2, 'Kasir Usman', 'kasir@toko.com', 'kasir', NULL, '$2y$10$66kStYLwykP78mNhmPHwau16iMWAfKXzF3t54XBx/Nc7Z.BQvcMkS', NULL, '2026-01-02 10:33:06', '2026-01-02 10:33:06');

--
-- Indexes for dumped tables
--

--
-- Indeks untuk tabel `failed_jobs`
--
ALTER TABLE `failed_jobs`
  ADD PRIMARY KEY (`id`),
  ADD UNIQUE KEY `failed_jobs_uuid_unique` (`uuid`);

--
-- Indeks untuk tabel `migrations`
--
ALTER TABLE `migrations`
  ADD PRIMARY KEY (`id`);

--
-- Indeks untuk tabel `password_resets`
--
ALTER TABLE `password_resets`
  ADD PRIMARY KEY (`email`);

--
-- Indeks untuk tabel `personal_access_tokens`
--
ALTER TABLE `personal_access_tokens`
  ADD PRIMARY KEY (`id`),
  ADD UNIQUE KEY `personal_access_tokens_token_unique` (`token`),
  ADD KEY `personal_access_tokens_tokenable_type_tokenable_id_index` (`tokenable_type`,`tokenable_id`);

--
-- Indeks untuk tabel `products`
--
ALTER TABLE `products`
  ADD PRIMARY KEY (`id`);

--
-- Indeks untuk tabel `transactions`
--
ALTER TABLE `transactions`
  ADD PRIMARY KEY (`id`),
  ADD KEY `transactions_user_id_foreign` (`user_id`),
  ADD KEY `transactions_product_id_foreign` (`product_id`);

--
-- Indeks untuk tabel `users`
--
ALTER TABLE `users`
  ADD PRIMARY KEY (`id`),
  ADD UNIQUE KEY `users_email_unique` (`email`);

--
-- AUTO_INCREMENT untuk tabel yang dibuang
--

--
-- AUTO_INCREMENT untuk tabel `failed_jobs`
--
ALTER TABLE `failed_jobs`
  MODIFY `id` bigint(20) UNSIGNED NOT NULL AUTO_INCREMENT;

--
-- AUTO_INCREMENT untuk tabel `migrations`
--
ALTER TABLE `migrations`
  MODIFY `id` int(10) UNSIGNED NOT NULL AUTO_INCREMENT, AUTO_INCREMENT=7;

--
-- AUTO_INCREMENT untuk tabel `personal_access_tokens`
--
ALTER TABLE `personal_access_tokens`
  MODIFY `id` bigint(20) UNSIGNED NOT NULL AUTO_INCREMENT;

--
-- AUTO_INCREMENT untuk tabel `products`
--
ALTER TABLE `products`
  MODIFY `id` bigint(20) UNSIGNED NOT NULL AUTO_INCREMENT, AUTO_INCREMENT=8;

--
-- AUTO_INCREMENT untuk tabel `transactions`
--
ALTER TABLE `transactions`
  MODIFY `id` bigint(20) UNSIGNED NOT NULL AUTO_INCREMENT, AUTO_INCREMENT=9;

--
-- AUTO_INCREMENT untuk tabel `users`
--
ALTER TABLE `users`
  MODIFY `id` bigint(20) UNSIGNED NOT NULL AUTO_INCREMENT, AUTO_INCREMENT=3;

--
-- Ketidakleluasaan untuk tabel pelimpahan (Dumped Tables)
--

--
-- Ketidakleluasaan untuk tabel `transactions`
--
ALTER TABLE `transactions`
  ADD CONSTRAINT `transactions_product_id_foreign` FOREIGN KEY (`product_id`) REFERENCES `products` (`id`) ON DELETE CASCADE,
  ADD CONSTRAINT `transactions_user_id_foreign` FOREIGN KEY (`user_id`) REFERENCES `users` (`id`) ON DELETE CASCADE;
COMMIT;

/*!40101 SET CHARACTER_SET_CLIENT=@OLD_CHARACTER_SET_CLIENT */;
/*!40101 SET CHARACTER_SET_RESULTS=@OLD_CHARACTER_SET_RESULTS */;
/*!40101 SET COLLATION_CONNECTION=@OLD_COLLATION_CONNECTION */;
